Name,RG
az7265wagtp10_dataDisk,render_rg
az7265wagtp10_osDisk,render_rg
az7265wagtp11_dataDisk,render_rg
az7265wagtp11_osDisk,render_rg
az7265wagtp12_dataDisk,render_rg
az7265wagtp12_osDisk,render_rg
az7265wagtp13_dataDisk,render_rg
az7265wagtp13_osDisk,render_rg
az7265wagtp14_dataDisk,render_rg
az7265wagtp14_osDisk,render_rg
az7265wagtp15_dataDisk,render_rg
az7265wagtp15_osDisk,render_rg
az7265wagtp16_dataDisk,render_rg
az7265wagtp16_osDisk,render_rg
az7265wagtp1_dataDisk,render_rg
az7265wagtp1_osDisk,render_rg
az7265wagtp2_dataDisk,render_rg
az7265wagtp2_osDisk,render_rg
az7265wagtp3_dataDisk,render_rg
az7265wagtp3_osDisk,render_rg
az7265wagtp4_dataDisk,render_rg
az7265wagtp4_osDisk,render_rg
az7265wagtp5_dataDisk,render_rg
az7265wagtp5_osDisk,render_rg
az7265wagtp6_dataDisk,render_rg
az7265wagtp6_osDisk,render_rg
az7265wagtp7_dataDisk,render_rg
az7265wagtp7_osDisk,render_rg
az7265wagtp8_dataDisk,render_rg
az7265wagtp8_osDisk,render_rg
az7265wagtp9_dataDisk,render_rg
az7265wagtp9_osDisk,render_rg
az7265wappp1_dataDisk,render_rg
az7265wappp1_osDisk,render_rg
